,nomClass,time_video,c,GCS
0,bus,11,1,1
1,bus,13,1,2
2,bus,15,1,3
3,bus,16,1,4
4,bus,21,1,5
5,bus,25,1,6
6,bus,104,3,9
7,bus,110,1,10
8,bus,111,1,11
9,bus,123,1,12
10,bus,124,1,13
11,bus,125,1,14
12,bus,135,1,15
13,bus,136,1,16
14,bus,140,1,17
15,bus,163,1,18
16,bus,294,1,19
17,bus,295,2,21
18,bus,306,1,22
19,bus,330,1,23
20,bus,331,1,24
21,bus,360,1,25
22,bus,367,1,26
23,bus,370,2,28
24,bus,387,1,29
25,bus,388,1,30
26,bus,393,1,31
27,bus,464,1,32
28,bus,472,1,33
29,bus,475,1,34
30,bus,509,1,35
31,bus,539,1,36
32,bus,543,1,37
33,bus,547,1,38
34,bus,548,1,39
35,bus,550,1,40
36,bus,553,1,41
37,bus,554,1,42
38,bus,555,1,43
39,bus,564,7,50
40,bus,585,1,51
41,bus,586,3,54
42,bus,601,3,57
43,bus,602,2,59
44,bus,609,1,60
45,bus,610,1,61
46,bus,645,3,64
47,bus,652,1,65
48,bus,696,1,66
49,bus,704,3,69
50,bus,725,1,70
51,bus,728,2,72
52,bus,735,1,73
53,bus,859,1,74
54,bus,876,1,75
55,bus,885,1,76
56,bus,886,1,77
57,bus,973,1,78
58,bus,1075,1,79
59,bus,1078,2,81
60,bus,1085,1,82
61,bus,1213,1,83
62,bus,1215,1,84
63,bus,1216,1,85
64,bus,1220,1,86
65,bus,1223,2,88
66,bus,1236,7,95
67,bus,1312,7,102
68,bus,1313,5,107
69,bus,1324,1,108
70,bus,1326,1,109
71,bus,1328,1,110
72,bus,1335,1,111
73,bus,1338,1,112
74,bus,1339,1,113
75,bus,1340,1,114
76,bus,1353,1,115
77,bus,1360,1,116
78,bus,1361,1,117
79,bus,1471,1,118
80,bus,1477,3,121
81,bus,1485,1,122
82,bus,1518,1,123
83,bus,1520,1,124
84,bus,1521,1,125
85,bus,1580,1,126
86,bus,1586,1,127
87,bus,1587,1,128
88,bus,1592,1,129
89,bus,1593,1,130
90,bus,1611,1,131
91,bus,1615,1,132
92,bus,1617,1,133
93,bus,1618,1,134
94,bus,1679,1,135
95,bus,1711,2,137
96,bus,1712,1,138
97,bus,1720,1,139
98,bus,1722,1,140
99,bus,1723,1,141
100,minivan,23,1,1
101,minivan,24,1,2
102,minivan,41,2,4
103,minivan,58,1,5
104,minivan,60,1,6
105,minivan,64,1,7
106,minivan,117,1,8
107,minivan,157,1,9
108,minivan,158,1,10
109,minivan,163,1,11
110,minivan,167,1,12
111,minivan,179,1,13
112,minivan,187,1,14
113,minivan,193,1,15
114,minivan,217,1,16
115,minivan,221,1,17
116,minivan,270,1,18
117,minivan,316,1,19
118,minivan,322,1,20
119,minivan,360,1,21
120,minivan,367,1,22
121,minivan,385,2,24
122,minivan,448,2,26
123,minivan,484,1,27
124,minivan,493,1,28
125,minivan,539,1,29
126,minivan,628,1,30
127,minivan,631,1,31
128,minivan,671,1,32
129,minivan,854,1,33
130,minivan,859,1,34
131,minivan,894,1,35
132,minivan,918,1,36
133,minivan,936,2,38
134,minivan,941,1,39
135,minivan,966,1,40
136,minivan,970,1,41
137,minivan,971,1,42
138,minivan,1035,1,43
139,minivan,1071,1,44
140,minivan,1201,1,45
141,minivan,1246,1,46
142,minivan,1252,1,47
143,minivan,1255,1,48
144,minivan,1356,1,49
145,minivan,1425,1,50
146,minivan,1433,1,51
147,minivan,1437,1,52
148,minivan,1439,1,53
149,minivan,1440,1,54
150,minivan,1466,1,55
151,minivan,1477,1,56
152,minivan,1549,1,57
153,minivan,1654,1,58
154,minivan,1669,1,59
155,minivan,1711,1,60
156,minivan,1729,1,61
157,minivan,1730,1,62
158,minivan,1739,1,63
159,minivan,1744,1,64
160,minivan,1808,1,65
161,particular,0,2,2
162,particular,1,2,4
163,particular,3,3,7
164,particular,6,4,11
165,particular,7,2,13
166,particular,8,3,16
167,particular,9,2,18
168,particular,10,3,21
169,particular,11,2,23
170,particular,12,5,28
171,particular,13,2,30
172,particular,14,3,33
173,particular,15,7,40
174,particular,16,1,41
175,particular,17,2,43
176,particular,18,1,44
177,particular,19,2,46
178,particular,20,3,49
179,particular,21,1,50
180,particular,22,3,53
181,particular,23,2,55
182,particular,24,1,56
183,particular,25,2,58
184,particular,26,2,60
185,particular,27,2,62
186,particular,28,2,64
187,particular,29,1,65
188,particular,30,1,66
189,particular,31,2,68
190,particular,32,2,70
191,particular,33,1,71
192,particular,34,2,73
193,particular,36,1,74
194,particular,37,2,76
195,particular,38,1,77
196,particular,40,1,78
197,particular,41,1,79
198,particular,42,1,80
199,particular,45,1,81
200,particular,48,1,82
201,particular,49,1,83
202,particular,50,1,84
203,particular,52,1,85
204,particular,55,1,86
205,particular,56,2,88
206,particular,57,1,89
207,particular,58,2,91
208,particular,60,1,92
209,particular,66,3,95
210,particular,69,1,96
211,particular,70,1,97
212,particular,71,1,98
213,particular,75,3,101
214,particular,76,1,102
215,particular,77,1,103
216,particular,78,1,104
217,particular,80,1,105
218,particular,81,1,106
219,particular,82,5,111
220,particular,83,3,114
221,particular,84,1,115
222,particular,85,1,116
223,particular,86,1,117
224,particular,87,1,118
225,particular,88,1,119
226,particular,90,1,120
227,particular,93,2,122
228,particular,96,1,123
229,particular,98,1,124
230,particular,99,2,126
231,particular,100,2,128
232,particular,101,2,130
233,particular,102,2,132
234,particular,106,1,133
235,particular,108,1,134
236,particular,110,3,137
237,particular,112,1,138
238,particular,113,1,139
239,particular,115,1,140
240,particular,116,5,145
241,particular,117,6,151
242,particular,118,3,154
243,particular,119,2,156
244,particular,120,4,160
245,particular,121,3,163
246,particular,122,2,165
247,particular,124,2,167
248,particular,125,2,169
249,particular,128,3,172
250,particular,129,2,174
251,particular,130,2,176
252,particular,131,1,177
253,particular,132,3,180
254,particular,133,1,181
255,particular,134,2,183
256,particular,135,2,185
257,particular,136,1,186
258,particular,137,4,190
259,particular,138,1,191
260,particular,139,1,192
261,particular,140,3,195
262,particular,141,2,197
263,particular,142,2,199
264,particular,143,2,201
265,particular,144,1,202
266,particular,145,1,203
267,particular,147,5,208
268,particular,149,1,209
269,particular,150,2,211
270,particular,151,2,213
271,particular,152,2,215
272,particular,153,2,217
273,particular,154,3,220
274,particular,155,2,222
275,particular,159,2,224
276,particular,160,4,228
277,particular,162,1,229
278,particular,163,2,231
279,particular,164,1,232
280,particular,165,1,233
281,particular,166,1,234
282,particular,167,3,237
283,particular,168,2,239
284,particular,171,3,242
285,particular,172,3,245
286,particular,173,4,249
287,particular,175,1,250
288,particular,176,4,254
289,particular,177,2,256
290,particular,178,3,259
291,particular,180,2,261
292,particular,181,1,262
293,particular,183,2,264
294,particular,184,1,265
295,particular,185,1,266
296,particular,188,3,269
297,particular,198,1,270
298,particular,201,1,271
299,particular,204,1,272
300,particular,206,2,274
301,particular,207,1,275
302,particular,208,3,278
303,particular,209,2,280
304,particular,210,1,281
305,particular,211,5,286
306,particular,212,1,287
307,particular,214,1,288
308,particular,215,2,290
309,particular,216,4,294
310,particular,217,1,295
311,particular,219,4,299
312,particular,220,1,300
313,particular,222,2,302
314,particular,224,2,304
315,particular,225,1,305
316,particular,226,2,307
317,particular,228,1,308
318,particular,229,1,309
319,particular,230,3,312
320,particular,231,2,314
321,particular,232,2,316
322,particular,233,2,318
323,particular,234,2,320
324,particular,235,2,322
325,particular,236,2,324
326,particular,237,1,325
327,particular,238,1,326
328,particular,239,1,327
329,particular,240,2,329
330,particular,242,2,331
331,particular,243,5,336
332,particular,244,2,338
333,particular,245,5,343
334,particular,246,3,346
335,particular,247,3,349
336,particular,248,3,352
337,particular,250,4,356
338,particular,251,3,359
339,particular,253,1,360
340,particular,254,4,364
341,particular,256,1,365
342,particular,257,2,367
343,particular,262,1,368
344,particular,263,1,369
345,particular,267,1,370
346,particular,268,1,371
347,particular,269,1,372
348,particular,270,2,374
349,particular,273,2,376
350,particular,277,1,377
351,particular,278,2,379
352,particular,280,1,380
353,particular,281,2,382
354,particular,282,2,384
355,particular,283,1,385
356,particular,284,5,390
357,particular,285,5,395
358,particular,286,1,396
359,particular,288,3,399
360,particular,290,3,402
361,particular,292,2,404
362,particular,293,2,406
363,particular,294,2,408
364,particular,295,1,409
365,particular,296,2,411
366,particular,297,1,412
367,particular,298,2,414
368,particular,299,1,415
369,particular,308,2,417
370,particular,310,1,418
371,particular,311,1,419
372,particular,312,1,420
373,particular,313,7,427
374,particular,314,3,430
375,particular,318,2,432
376,particular,319,1,433
377,particular,321,2,435
378,particular,322,5,440
379,particular,323,1,441
380,particular,325,1,442
381,particular,327,1,443
382,particular,328,1,444
383,particular,329,1,445
384,particular,335,1,446
385,particular,336,1,447
386,particular,339,1,448
387,particular,341,1,449
388,particular,342,1,450
389,particular,344,2,452
390,particular,345,1,453
391,particular,347,2,455
392,particular,349,1,456
393,particular,352,1,457
394,particular,353,1,458
395,particular,354,4,462
396,particular,356,5,467
397,particular,357,2,469
398,particular,358,6,475
399,particular,359,3,478
400,particular,360,1,479
401,particular,361,3,482
402,particular,362,3,485
403,particular,363,2,487
404,particular,364,1,488
405,particular,365,3,491
406,particular,366,1,492
407,particular,367,6,498
408,particular,368,4,502
409,particular,369,4,506
410,particular,370,2,508
411,particular,372,3,511
412,particular,373,1,512
413,particular,374,8,520
414,particular,377,1,521
415,particular,378,1,522
416,particular,382,1,523
417,particular,384,2,525
418,particular,386,1,526
419,particular,387,1,527
420,particular,388,6,533
421,particular,391,5,538
422,particular,392,1,539
423,particular,393,2,541
424,particular,394,1,542
425,particular,395,1,543
426,particular,396,3,546
427,particular,397,2,548
428,particular,398,1,549
429,particular,400,2,551
430,particular,401,3,554
431,particular,402,4,558
432,particular,403,2,560
433,particular,405,4,564
434,particular,408,3,567
435,particular,409,1,568
436,particular,410,2,570
437,particular,411,3,573
438,particular,412,2,575
439,particular,413,2,577
440,particular,414,1,578
441,particular,416,1,579
442,particular,417,2,581
443,particular,418,1,582
444,particular,420,1,583
445,particular,421,1,584
446,particular,422,4,588
447,particular,424,1,589
448,particular,425,2,591
449,particular,426,4,595
450,particular,427,2,597
451,particular,428,1,598
452,particular,429,1,599
453,particular,430,1,600
454,particular,431,1,601
455,particular,432,1,602
456,particular,438,3,605
457,particular,439,2,607
458,particular,441,1,608
459,particular,442,1,609
460,particular,443,1,610
461,particular,445,1,611
462,particular,446,1,612
463,particular,448,1,613
464,particular,449,2,615
465,particular,450,1,616
466,particular,452,1,617
467,particular,456,1,618
468,particular,457,5,623
469,particular,458,2,625
470,particular,459,2,627
471,particular,461,4,631
472,particular,464,1,632
473,particular,474,2,634
474,particular,475,2,636
475,particular,476,1,637
476,particular,478,2,639
477,particular,479,1,640
478,particular,480,5,645
479,particular,481,6,651
480,particular,482,2,653
481,particular,484,4,657
482,particular,485,3,660
483,particular,486,2,662
484,particular,487,2,664
485,particular,488,1,665
486,particular,490,2,667
487,particular,491,1,668
488,particular,492,3,671
489,particular,493,2,673
490,particular,494,1,674
491,particular,495,1,675
492,particular,496,2,677
493,particular,498,1,678
494,particular,499,1,679
495,particular,500,1,680
496,particular,501,3,683
497,particular,503,4,687
498,particular,505,2,689
499,particular,506,2,691
500,particular,507,3,694
501,particular,508,2,696
502,particular,509,1,697
503,particular,510,1,698
504,particular,511,2,700
505,particular,512,2,702
506,particular,514,7,709
507,particular,515,1,710
508,particular,516,1,711
509,particular,517,1,712
510,particular,519,2,714
511,particular,521,1,715
512,particular,522,1,716
513,particular,523,2,718
514,particular,524,1,719
515,particular,525,3,722
516,particular,527,3,725
517,particular,528,4,729
518,particular,529,1,730
519,particular,530,1,731
520,particular,531,1,732
521,particular,533,2,734
522,particular,534,4,738
523,particular,537,1,739
524,particular,539,3,742
525,particular,541,2,744
526,particular,543,1,745
527,particular,544,1,746
528,particular,545,3,749
529,particular,550,3,752
530,particular,555,1,753
531,particular,557,1,754
532,particular,559,1,755
533,particular,560,2,757
534,particular,562,4,761
535,particular,565,1,762
536,particular,566,1,763
537,particular,569,1,764
538,particular,571,1,765
539,particular,576,2,767
540,particular,578,1,768
541,particular,580,1,769
542,particular,582,1,770
543,particular,583,1,771
544,particular,584,1,772
545,particular,585,1,773
546,particular,587,3,776
547,particular,589,3,779
548,particular,591,1,780
549,particular,592,1,781
550,particular,596,1,782
551,particular,597,2,784
552,particular,599,1,785
553,particular,600,3,788
554,particular,601,4,792
555,particular,602,4,796
556,particular,603,1,797
557,particular,608,1,798
558,particular,609,4,802
559,particular,612,2,804
560,particular,615,1,805
561,particular,616,2,807
562,particular,617,2,809
563,particular,618,1,810
564,particular,619,4,814
565,particular,620,3,817
566,particular,625,1,818
567,particular,627,1,819
568,particular,630,3,822
569,particular,632,1,823
570,particular,633,2,825
571,particular,634,1,826
572,particular,635,1,827
573,particular,636,1,828
574,particular,637,6,834
575,particular,638,2,836
576,particular,639,2,838
577,particular,640,3,841
578,particular,641,5,846
579,particular,642,3,849
580,particular,643,4,853
581,particular,644,1,854
582,particular,645,1,855
583,particular,646,4,859
584,particular,647,2,861
585,particular,648,1,862
586,particular,649,1,863
587,particular,652,1,864
588,particular,655,2,866
589,particular,656,3,869
590,particular,658,1,870
591,particular,666,1,871
592,particular,669,1,872
593,particular,671,1,873
594,particular,674,1,874
595,particular,675,1,875
596,particular,679,1,876
597,particular,681,1,877
598,particular,685,1,878
599,particular,687,1,879
600,particular,689,1,880
601,particular,695,2,882
602,particular,696,1,883
603,particular,699,2,885
604,particular,703,2,887
605,particular,707,2,889
606,particular,708,1,890
607,particular,709,1,891
608,particular,710,2,893
609,particular,711,1,894
610,particular,712,1,895
611,particular,713,3,898
612,particular,714,1,899
613,particular,716,2,901
614,particular,717,5,906
615,particular,718,3,909
616,particular,719,2,911
617,particular,720,4,915
618,particular,721,1,916
619,particular,722,2,918
620,particular,723,2,920
621,particular,724,2,922
622,particular,725,2,924
623,particular,726,2,926
624,particular,727,1,927
625,particular,728,1,928
626,particular,729,1,929
627,particular,730,2,931
628,particular,731,1,932
629,particular,732,1,933
630,particular,733,2,935
631,particular,734,1,936
632,particular,735,1,937
633,particular,736,3,940
634,particular,737,5,945
635,particular,738,1,946
636,particular,739,4,950
637,particular,740,1,951
638,particular,741,6,957
639,particular,742,2,959
640,particular,743,2,961
641,particular,744,1,962
642,particular,745,2,964
643,particular,746,1,965
644,particular,747,3,968
645,particular,748,2,970
646,particular,749,1,971
647,particular,750,3,974
648,particular,751,1,975
649,particular,755,1,976
650,particular,757,1,977
651,particular,758,2,979
652,particular,760,1,980
653,particular,761,4,984
654,particular,762,3,987
655,particular,763,1,988
656,particular,764,1,989
657,particular,765,2,991
658,particular,766,1,992
659,particular,767,1,993
660,particular,769,2,995
661,particular,770,1,996
662,particular,772,3,999
663,particular,773,1,1000
664,particular,774,2,1002
665,particular,775,2,1004
666,particular,776,1,1005
667,particular,778,2,1007
668,particular,779,6,1013
669,particular,781,1,1014
670,particular,782,3,1017
671,particular,784,1,1018
672,particular,785,2,1020
673,particular,786,1,1021
674,particular,787,1,1022
675,particular,789,1,1023
676,particular,791,1,1024
677,particular,792,1,1025
678,particular,795,1,1026
679,particular,799,1,1027
680,particular,804,1,1028
681,particular,814,1,1029
682,particular,816,1,1030
683,particular,822,3,1033
684,particular,827,2,1035
685,particular,829,1,1036
686,particular,830,1,1037
687,particular,831,1,1038
688,particular,832,1,1039
689,particular,833,1,1040
690,particular,834,3,1043
691,particular,835,1,1044
692,particular,836,1,1045
693,particular,838,3,1048
694,particular,839,5,1053
695,particular,840,2,1055
696,particular,841,1,1056
697,particular,842,1,1057
698,particular,843,2,1059
699,particular,844,1,1060
700,particular,845,3,1063
701,particular,846,2,1065
702,particular,847,1,1066
703,particular,848,2,1068
704,particular,849,1,1069
705,particular,850,5,1074
706,particular,851,2,1076
707,particular,852,2,1078
708,particular,853,2,1080
709,particular,854,1,1081
710,particular,855,4,1085
711,particular,856,3,1088
712,particular,857,4,1092
713,particular,858,2,1094
714,particular,859,4,1098
715,particular,860,1,1099
716,particular,861,2,1101
717,particular,862,3,1104
718,particular,864,3,1107
719,particular,866,3,1110
720,particular,867,2,1112
721,particular,868,2,1114
722,particular,869,1,1115
723,particular,870,2,1117
724,particular,871,1,1118
725,particular,872,7,1125
726,particular,874,3,1128
727,particular,875,2,1130
728,particular,878,1,1131
729,particular,879,2,1133
730,particular,880,3,1136
731,particular,881,2,1138
732,particular,882,2,1140
733,particular,883,1,1141
734,particular,884,4,1145
735,particular,885,3,1148
736,particular,886,3,1151
737,particular,887,3,1154
738,particular,888,2,1156
739,particular,889,2,1158
740,particular,890,3,1161
741,particular,891,3,1164
742,particular,893,2,1166
743,particular,894,1,1167
744,particular,895,2,1169
745,particular,896,1,1170
746,particular,897,1,1171
747,particular,899,5,1176
748,particular,901,2,1178
749,particular,902,1,1179
750,particular,903,2,1181
751,particular,904,1,1182
752,particular,905,2,1184
753,particular,906,1,1185
754,particular,908,1,1186
755,particular,909,1,1187
756,particular,910,2,1189
757,particular,911,1,1190
758,particular,912,1,1191
759,particular,913,1,1192
760,particular,914,1,1193
761,particular,916,2,1195
762,particular,917,1,1196
763,particular,918,1,1197
764,particular,920,1,1198
765,particular,922,1,1199
766,particular,924,1,1200
767,particular,925,2,1202
768,particular,927,1,1203
769,particular,929,2,1205
770,particular,930,5,1210
771,particular,931,1,1211
772,particular,932,1,1212
773,particular,933,4,1216
774,particular,935,1,1217
775,particular,937,3,1220
776,particular,938,1,1221
777,particular,940,1,1222
778,particular,941,1,1223
779,particular,944,2,1225
780,particular,946,3,1228
781,particular,947,2,1230
782,particular,948,1,1231
783,particular,949,1,1232
784,particular,950,1,1233
785,particular,951,2,1235
786,particular,952,1,1236
787,particular,955,2,1238
788,particular,956,5,1243
789,particular,957,1,1244
790,particular,960,2,1246
791,particular,961,2,1248
792,particular,962,4,1252
793,particular,963,1,1253
794,particular,964,2,1255
795,particular,965,2,1257
796,particular,966,5,1262
797,particular,967,1,1263
798,particular,968,1,1264
799,particular,969,4,1268
800,particular,971,5,1273
801,particular,972,5,1278
802,particular,973,2,1280
803,particular,974,2,1282
804,particular,975,1,1283
805,particular,976,3,1286
806,particular,977,1,1287
807,particular,979,1,1288
808,particular,980,1,1289
809,particular,981,1,1290
810,particular,982,4,1294
811,particular,983,1,1295
812,particular,984,2,1297
813,particular,985,2,1299
814,particular,986,2,1301
815,particular,987,2,1303
816,particular,988,3,1306
817,particular,989,1,1307
818,particular,990,1,1308
819,particular,991,1,1309
820,particular,992,2,1311
821,particular,993,5,1316
822,particular,996,3,1319
823,particular,997,1,1320
824,particular,999,1,1321
825,particular,1000,1,1322
826,particular,1001,2,1324
827,particular,1002,2,1326
828,particular,1004,1,1327
829,particular,1005,1,1328
830,particular,1006,1,1329
831,particular,1007,1,1330
832,particular,1008,1,1331
833,particular,1011,4,1335
834,particular,1013,3,1338
835,particular,1015,2,1340
836,particular,1016,1,1341
837,particular,1017,1,1342
838,particular,1018,1,1343
839,particular,1019,1,1344
840,particular,1021,1,1345
841,particular,1022,3,1348
842,particular,1023,4,1352
843,particular,1024,3,1355
844,particular,1025,1,1356
845,particular,1027,1,1357
846,particular,1028,1,1358
847,particular,1029,3,1361
848,particular,1032,2,1363
849,particular,1035,3,1366
850,particular,1036,1,1367
851,particular,1048,1,1368
852,particular,1051,1,1369
853,particular,1054,1,1370
854,particular,1056,1,1371
855,particular,1057,1,1372
856,particular,1058,3,1375
857,particular,1059,1,1376
858,particular,1060,1,1377
859,particular,1062,1,1378
860,particular,1063,1,1379
861,particular,1064,1,1380
862,particular,1068,1,1381
863,particular,1076,1,1382
864,particular,1078,2,1384
865,particular,1079,1,1385
866,particular,1080,2,1387
867,particular,1081,3,1390
868,particular,1082,2,1392
869,particular,1083,3,1395
870,particular,1084,4,1399
871,particular,1085,3,1402
872,particular,1086,3,1405
873,particular,1087,3,1408
874,particular,1088,3,1411
875,particular,1089,1,1412
876,particular,1090,4,1416
877,particular,1091,2,1418
878,particular,1092,3,1421
879,particular,1093,1,1422
880,particular,1095,3,1425
881,particular,1096,2,1427
882,particular,1097,1,1428
883,particular,1098,3,1431
884,particular,1099,1,1432
885,particular,1101,1,1433
886,particular,1102,1,1434
887,particular,1103,1,1435
888,particular,1104,1,1436
889,particular,1105,2,1438
890,particular,1106,5,1443
891,particular,1108,3,1446
892,particular,1109,2,1448
893,particular,1111,2,1450
894,particular,1112,1,1451
895,particular,1113,1,1452
896,particular,1114,1,1453
897,particular,1115,2,1455
898,particular,1116,1,1456
899,particular,1117,1,1457
900,particular,1118,2,1459
901,particular,1119,1,1460
902,particular,1127,1,1461
903,particular,1129,1,1462
904,particular,1131,1,1463
905,particular,1140,1,1464
906,particular,1146,1,1465
907,particular,1147,1,1466
908,particular,1152,1,1467
909,particular,1157,1,1468
910,particular,1162,1,1469
911,particular,1163,1,1470
912,particular,1165,3,1473
913,particular,1168,2,1475
914,particular,1172,1,1476
915,particular,1173,1,1477
916,particular,1176,1,1478
917,particular,1178,1,1479
918,particular,1179,2,1481
919,particular,1185,4,1485
920,particular,1186,4,1489
921,particular,1187,1,1490
922,particular,1191,1,1491
923,particular,1192,5,1496
924,particular,1193,1,1497
925,particular,1195,2,1499
926,particular,1196,2,1501
927,particular,1197,1,1502
928,particular,1198,4,1506
929,particular,1199,1,1507
930,particular,1200,4,1511
931,particular,1201,3,1514
932,particular,1202,4,1518
933,particular,1203,1,1519
934,particular,1204,2,1521
935,particular,1205,1,1522
936,particular,1206,2,1524
937,particular,1207,3,1527
938,particular,1208,2,1529
939,particular,1209,1,1530
940,particular,1210,3,1533
941,particular,1213,1,1534
942,particular,1214,2,1536
943,particular,1215,1,1537
944,particular,1216,1,1538
945,particular,1217,4,1542
946,particular,1218,1,1543
947,particular,1219,1,1544
948,particular,1221,2,1546
949,particular,1222,1,1547
950,particular,1223,2,1549
951,particular,1224,2,1551
952,particular,1225,1,1552
953,particular,1227,1,1553
954,particular,1229,1,1554
955,particular,1231,4,1558
956,particular,1232,1,1559
957,particular,1233,1,1560
958,particular,1235,1,1561
959,particular,1236,3,1564
960,particular,1237,2,1566
961,particular,1238,4,1570
962,particular,1239,2,1572
963,particular,1240,2,1574
964,particular,1241,3,1577
965,particular,1244,2,1579
966,particular,1245,2,1581
967,particular,1246,1,1582
968,particular,1247,2,1584
969,particular,1248,2,1586
970,particular,1249,1,1587
971,particular,1250,1,1588
972,particular,1251,1,1589
973,particular,1252,1,1590
974,particular,1253,2,1592
975,particular,1255,5,1597
976,particular,1256,1,1598
977,particular,1257,1,1599
978,particular,1258,2,1601
979,particular,1259,3,1604
980,particular,1260,2,1606
981,particular,1261,2,1608
982,particular,1262,3,1611
983,particular,1263,1,1612
984,particular,1265,1,1613
985,particular,1266,1,1614
986,particular,1269,1,1615
987,particular,1270,1,1616
988,particular,1272,2,1618
989,particular,1273,1,1619
990,particular,1275,1,1620
991,particular,1276,1,1621
992,particular,1279,1,1622
993,particular,1284,1,1623
994,particular,1287,1,1624
995,particular,1293,1,1625
996,particular,1295,1,1626
997,particular,1298,1,1627
998,particular,1300,1,1628
999,particular,1301,1,1629
1000,particular,1302,4,1633
1001,particular,1303,1,1634
1002,particular,1304,1,1635
1003,particular,1306,2,1637
1004,particular,1307,1,1638
1005,particular,1309,2,1640
1006,particular,1310,4,1644
1007,particular,1312,2,1646
1008,particular,1313,6,1652
1009,particular,1316,1,1653
1010,particular,1318,1,1654
1011,particular,1319,1,1655
1012,particular,1320,2,1657
1013,particular,1321,3,1660
1014,particular,1322,1,1661
1015,particular,1323,2,1663
1016,particular,1324,3,1666
1017,particular,1325,3,1669
1018,particular,1326,1,1670
1019,particular,1327,3,1673
1020,particular,1328,5,1678
1021,particular,1329,3,1681
1022,particular,1330,4,1685
1023,particular,1331,1,1686
1024,particular,1332,2,1688
1025,particular,1333,2,1690
1026,particular,1334,4,1694
1027,particular,1335,2,1696
1028,particular,1336,4,1700
1029,particular,1337,1,1701
1030,particular,1338,1,1702
1031,particular,1339,1,1703
1032,particular,1340,1,1704
1033,particular,1341,1,1705
1034,particular,1344,2,1707
1035,particular,1345,1,1708
1036,particular,1346,2,1710
1037,particular,1348,2,1712
1038,particular,1349,1,1713
1039,particular,1351,1,1714
1040,particular,1352,1,1715
1041,particular,1353,2,1717
1042,particular,1355,4,1721
1043,particular,1357,1,1722
1044,particular,1358,1,1723
1045,particular,1359,2,1725
1046,particular,1362,1,1726
1047,particular,1364,2,1728
1048,particular,1368,1,1729
1049,particular,1371,1,1730
1050,particular,1372,1,1731
1051,particular,1373,1,1732
1052,particular,1375,1,1733
1053,particular,1376,2,1735
1054,particular,1377,1,1736
1055,particular,1378,1,1737
1056,particular,1380,1,1738
1057,particular,1381,1,1739
1058,particular,1383,1,1740
1059,particular,1389,2,1742
1060,particular,1392,1,1743
1061,particular,1393,1,1744
1062,particular,1394,1,1745
1063,particular,1395,1,1746
1064,particular,1405,1,1747
1065,particular,1415,1,1748
1066,particular,1417,1,1749
1067,particular,1418,1,1750
1068,particular,1422,3,1753
1069,particular,1423,1,1754
1070,particular,1424,1,1755
1071,particular,1425,4,1759
1072,particular,1426,5,1764
1073,particular,1428,2,1766
1074,particular,1429,1,1767
1075,particular,1430,4,1771
1076,particular,1431,1,1772
1077,particular,1432,3,1775
1078,particular,1434,1,1776
1079,particular,1435,3,1779
1080,particular,1437,2,1781
1081,particular,1438,2,1783
1082,particular,1439,1,1784
1083,particular,1443,1,1785
1084,particular,1445,1,1786
1085,particular,1451,1,1787
1086,particular,1458,1,1788
1087,particular,1459,1,1789
1088,particular,1460,1,1790
1089,particular,1461,2,1792
1090,particular,1464,1,1793
1091,particular,1465,2,1795
1092,particular,1466,2,1797
1093,particular,1467,3,1800
1094,particular,1468,1,1801
1095,particular,1469,1,1802
1096,particular,1470,1,1803
1097,particular,1471,5,1808
1098,particular,1473,5,1813
1099,particular,1474,1,1814
1100,particular,1475,2,1816
1101,particular,1476,4,1820
1102,particular,1477,3,1823
1103,particular,1478,2,1825
1104,particular,1479,5,1830
1105,particular,1480,2,1832
1106,particular,1481,5,1837
1107,particular,1482,4,1841
1108,particular,1483,1,1842
1109,particular,1484,4,1846
1110,particular,1485,4,1850
1111,particular,1486,1,1851
1112,particular,1487,3,1854
1113,particular,1488,3,1857
1114,particular,1489,1,1858
1115,particular,1490,1,1859
1116,particular,1491,1,1860
1117,particular,1492,3,1863
1118,particular,1494,2,1865
1119,particular,1495,4,1869
1120,particular,1496,1,1870
1121,particular,1497,3,1873
1122,particular,1498,2,1875
1123,particular,1499,3,1878
1124,particular,1500,4,1882
1125,particular,1502,1,1883
1126,particular,1503,3,1886
1127,particular,1506,1,1887
1128,particular,1507,2,1889
1129,particular,1510,1,1890
1130,particular,1511,2,1892
1131,particular,1512,1,1893
1132,particular,1513,1,1894
1133,particular,1514,1,1895
1134,particular,1518,1,1896
1135,particular,1520,1,1897
1136,particular,1522,1,1898
1137,particular,1526,5,1903
1138,particular,1527,1,1904
1139,particular,1528,2,1906
1140,particular,1529,1,1907
1141,particular,1530,1,1908
1142,particular,1531,2,1910
1143,particular,1533,2,1912
1144,particular,1534,1,1913
1145,particular,1536,1,1914
1146,particular,1537,2,1916
1147,particular,1539,1,1917
1148,particular,1540,1,1918
1149,particular,1541,2,1920
1150,particular,1543,2,1922
1151,particular,1544,1,1923
1152,particular,1545,1,1924
1153,particular,1546,1,1925
1154,particular,1547,2,1927
1155,particular,1550,1,1928
1156,particular,1554,1,1929
1157,particular,1555,1,1930
1158,particular,1557,1,1931
1159,particular,1558,1,1932
1160,particular,1563,2,1934
1161,particular,1564,2,1936
1162,particular,1565,4,1940
1163,particular,1566,2,1942
1164,particular,1568,1,1943
1165,particular,1569,1,1944
1166,particular,1571,2,1946
1167,particular,1572,1,1947
1168,particular,1574,1,1948
1169,particular,1575,1,1949
1170,particular,1578,2,1951
1171,particular,1580,1,1952
1172,particular,1582,2,1954
1173,particular,1583,2,1956
1174,particular,1584,2,1958
1175,particular,1585,1,1959
1176,particular,1586,3,1962
1177,particular,1587,2,1964
1178,particular,1588,1,1965
1179,particular,1589,4,1969
1180,particular,1590,2,1971
1181,particular,1591,2,1973
1182,particular,1592,4,1977
1183,particular,1593,3,1980
1184,particular,1594,4,1984
1185,particular,1595,4,1988
1186,particular,1596,3,1991
1187,particular,1597,3,1994
1188,particular,1598,3,1997
1189,particular,1599,3,2000
1190,particular,1600,2,2002
1191,particular,1601,4,2006
1192,particular,1602,2,2008
1193,particular,1603,3,2011
1194,particular,1604,4,2015
1195,particular,1605,2,2017
1196,particular,1606,2,2019
1197,particular,1607,2,2021
1198,particular,1608,5,2026
1199,particular,1609,1,2027
1200,particular,1610,2,2029
1201,particular,1611,2,2031
1202,particular,1612,2,2033
1203,particular,1613,2,2035
1204,particular,1615,1,2036
1205,particular,1616,1,2037
1206,particular,1618,2,2039
1207,particular,1619,4,2043
1208,particular,1620,2,2045
1209,particular,1621,2,2047
1210,particular,1622,3,2050
1211,particular,1623,1,2051
1212,particular,1624,1,2052
1213,particular,1625,4,2056
1214,particular,1626,1,2057
1215,particular,1628,1,2058
1216,particular,1633,1,2059
1217,particular,1636,1,2060
1218,particular,1637,1,2061
1219,particular,1640,2,2063
1220,particular,1641,1,2064
1221,particular,1642,1,2065
1222,particular,1644,1,2066
1223,particular,1645,2,2068
1224,particular,1646,2,2070
1225,particular,1648,3,2073
1226,particular,1650,1,2074
1227,particular,1653,1,2075
1228,particular,1654,1,2076
1229,particular,1655,2,2078
1230,particular,1658,2,2080
1231,particular,1660,1,2081
1232,particular,1662,2,2083
1233,particular,1664,1,2084
1234,particular,1665,2,2086
1235,particular,1666,1,2087
1236,particular,1667,3,2090
1237,particular,1669,2,2092
1238,particular,1670,2,2094
1239,particular,1673,2,2096
1240,particular,1674,2,2098
1241,particular,1675,2,2100
1242,particular,1677,1,2101
1243,particular,1680,1,2102
1244,particular,1681,1,2103
1245,particular,1683,1,2104
1246,particular,1698,1,2105
1247,particular,1700,2,2107
1248,particular,1701,3,2110
1249,particular,1702,1,2111
1250,particular,1704,1,2112
1251,particular,1705,1,2113
1252,particular,1706,1,2114
1253,particular,1707,1,2115
1254,particular,1708,2,2117
1255,particular,1710,3,2120
1256,particular,1711,2,2122
1257,particular,1712,1,2123
1258,particular,1713,1,2124
1259,particular,1714,4,2128
1260,particular,1715,2,2130
1261,particular,1716,2,2132
1262,particular,1717,2,2134
1263,particular,1718,5,2139
1264,particular,1719,4,2143
1265,particular,1720,5,2148
1266,particular,1722,1,2149
1267,particular,1724,1,2150
1268,particular,1725,1,2151
1269,particular,1726,4,2155
1270,particular,1727,1,2156
1271,particular,1728,2,2158
1272,particular,1730,3,2161
1273,particular,1731,1,2162
1274,particular,1732,2,2164
1275,particular,1734,4,2168
1276,particular,1735,1,2169
1277,particular,1736,4,2173
1278,particular,1737,1,2174
1279,particular,1738,4,2178
1280,particular,1739,1,2179
1281,particular,1741,1,2180
1282,particular,1742,2,2182
1283,particular,1743,3,2185
1284,particular,1744,3,2188
1285,particular,1745,1,2189
1286,particular,1746,3,2192
1287,particular,1747,2,2194
1288,particular,1748,1,2195
1289,particular,1749,2,2197
1290,particular,1750,1,2198
1291,particular,1751,1,2199
1292,particular,1752,1,2200
1293,particular,1753,1,2201
1294,particular,1755,1,2202
1295,particular,1756,1,2203
1296,particular,1758,2,2205
1297,particular,1761,8,2213
1298,particular,1762,1,2214
1299,particular,1763,1,2215
1300,particular,1765,1,2216
1301,particular,1768,2,2218
1302,particular,1771,1,2219
1303,particular,1772,1,2220
1304,particular,1775,2,2222
1305,particular,1778,1,2223
1306,particular,1780,1,2224
1307,particular,1781,1,2225
1308,particular,1782,1,2226
1309,particular,1784,1,2227
1310,particular,1785,1,2228
1311,particular,1786,1,2229
1312,particular,1790,1,2230
1313,particular,1791,1,2231
1314,particular,1796,2,2233
1315,particular,1797,1,2234
1316,particular,1798,1,2235
1317,particular,1800,2,2237
1318,particular,1802,1,2238
1319,particular,1804,2,2240
1320,particular,1805,1,2241
1321,particular,1806,2,2243
1322,particular,1809,1,2244
1323,particular,1813,2,2246
1324,particular,1814,1,2247
1325,particular,1819,1,2248
1326,particular,1821,1,2249
1327,particular,1823,4,2253
1328,particular,1825,6,2259
1329,particular,1826,2,2261
1330,particular,1827,1,2262
1331,particular,1828,4,2266
1332,particular,1829,2,2268
1333,particular,1830,2,2270
1334,particular,1831,4,2274
1335,particular,1832,2,2276
1336,particular,1833,2,2278
1337,particular,1834,6,2284
1338,particular,1835,3,2287
1339,particular,1836,1,2288
1340,particular,1837,4,2292
1341,particular,1839,4,2296
1342,particular,1840,1,2297
1343,particular,1841,2,2299
1344,particular,1842,3,2302
1345,particular,1843,3,2305
1346,particular,1844,3,2308
1347,particular,1845,2,2310
1348,particular,1846,2,2312
1349,peaton,15,3,3
1350,peaton,16,2,5
1351,peaton,18,2,7
1352,peaton,74,1,8
1353,peaton,142,2,10
1354,peaton,143,3,13
1355,peaton,201,3,16
1356,peaton,260,3,19
1357,peaton,444,1,20
1358,peaton,481,3,23
1359,peaton,482,8,31
1360,peaton,500,2,33
1361,peaton,521,1,34
1362,peaton,667,1,35
1363,peaton,668,1,36
1364,peaton,670,1,37
1365,peaton,921,2,39
1366,peaton,1005,3,42
1367,peaton,1007,5,47
1368,peaton,1008,1,48
1369,peaton,1017,1,49
1370,peaton,1041,4,53
1371,peaton,1042,1,54
1372,peaton,1068,1,55
1373,peaton,1117,1,56
1374,peaton,1118,1,57
1375,peaton,1277,2,59
1376,peaton,1341,1,60
1377,peaton,1390,1,61
1378,peaton,1544,1,62
1379,peaton,1582,1,63
1380,peaton,1588,1,64
1381,taxi,0,1,1
1382,taxi,2,1,2
1383,taxi,3,2,4
1384,taxi,5,3,7
1385,taxi,6,3,10
1386,taxi,7,1,11
1387,taxi,9,2,13
1388,taxi,18,1,14
1389,taxi,19,1,15
1390,taxi,27,1,16
1391,taxi,28,1,17
1392,taxi,32,1,18
1393,taxi,33,1,19
1394,taxi,41,1,20
1395,taxi,45,1,21
1396,taxi,47,3,24
1397,taxi,49,1,25
1398,taxi,50,2,27
1399,taxi,79,3,30
1400,taxi,81,1,31
1401,taxi,83,1,32
1402,taxi,84,1,33
1403,taxi,89,2,35
1404,taxi,93,1,36
1405,taxi,95,2,38
1406,taxi,97,3,41
1407,taxi,101,3,44
1408,taxi,102,1,45
1409,taxi,105,1,46
1410,taxi,138,1,47
1411,taxi,139,1,48
1412,taxi,146,1,49
1413,taxi,152,1,50
1414,taxi,153,1,51
1415,taxi,156,1,52
1416,taxi,172,1,53
1417,taxi,173,1,54
1418,taxi,176,2,56
1419,taxi,180,2,58
1420,taxi,195,1,59
1421,taxi,198,1,60
1422,taxi,199,1,61
1423,taxi,203,1,62
1424,taxi,207,1,63
1425,taxi,220,1,64
1426,taxi,223,1,65
1427,taxi,224,3,68
1428,taxi,225,1,69
1429,taxi,226,2,71
1430,taxi,228,1,72
1431,taxi,229,1,73
1432,taxi,234,3,76
1433,taxi,240,1,77
1434,taxi,245,1,78
1435,taxi,246,1,79
1436,taxi,274,1,80
1437,taxi,278,1,81
1438,taxi,280,1,82
1439,taxi,281,1,83
1440,taxi,291,1,84
1441,taxi,300,2,86
1442,taxi,301,1,87
1443,taxi,307,1,88
1444,taxi,315,1,89
1445,taxi,355,2,91
1446,taxi,356,1,92
1447,taxi,358,1,93
1448,taxi,361,1,94
1449,taxi,367,1,95
1450,taxi,376,1,96
1451,taxi,399,1,97
1452,taxi,400,2,99
1453,taxi,403,1,100
1454,taxi,405,1,101
1455,taxi,406,2,103
1456,taxi,414,1,104
1457,taxi,419,1,105
1458,taxi,426,2,107
1459,taxi,454,1,108
1460,taxi,463,3,111
1461,taxi,476,4,115
1462,taxi,477,3,118
1463,taxi,478,1,119
1464,taxi,482,1,120
1465,taxi,484,1,121
1466,taxi,488,1,122
1467,taxi,490,1,123
1468,taxi,492,1,124
1469,taxi,495,1,125
1470,taxi,511,1,126
1471,taxi,525,2,128
1472,taxi,541,1,129
1473,taxi,542,1,130
1474,taxi,547,2,132
1475,taxi,566,1,133
1476,taxi,570,3,136
1477,taxi,574,1,137
1478,taxi,575,2,139
1479,taxi,576,1,140
1480,taxi,586,1,141
1481,taxi,591,1,142
1482,taxi,593,1,143
1483,taxi,601,2,145
1484,taxi,612,2,147
1485,taxi,616,1,148
1486,taxi,619,1,149
1487,taxi,648,1,150
1488,taxi,654,1,151
1489,taxi,655,1,152
1490,taxi,659,1,153
1491,taxi,667,1,154
1492,taxi,672,1,155
1493,taxi,675,1,156
1494,taxi,687,1,157
1495,taxi,690,1,158
1496,taxi,693,1,159
1497,taxi,696,1,160
1498,taxi,700,1,161
1499,taxi,714,1,162
1500,taxi,716,2,164
1501,taxi,717,2,166
1502,taxi,720,1,167
1503,taxi,726,1,168
1504,taxi,728,1,169
1505,taxi,735,1,170
1506,taxi,736,1,171
1507,taxi,744,1,172
1508,taxi,745,1,173
1509,taxi,752,1,174
1510,taxi,759,1,175
1511,taxi,768,1,176
1512,taxi,813,1,177
1513,taxi,815,1,178
1514,taxi,818,4,182
1515,taxi,832,2,184
1516,taxi,848,1,185
1517,taxi,851,1,186
1518,taxi,874,1,187
1519,taxi,883,1,188
1520,taxi,891,1,189
1521,taxi,931,1,190
1522,taxi,932,1,191
1523,taxi,938,1,192
1524,taxi,939,1,193
1525,taxi,940,1,194
1526,taxi,941,1,195
1527,taxi,943,1,196
1528,taxi,948,1,197
1529,taxi,949,1,198
1530,taxi,956,1,199
1531,taxi,961,2,201
1532,taxi,965,1,202
1533,taxi,977,1,203
1534,taxi,978,1,204
1535,taxi,979,1,205
1536,taxi,980,1,206
1537,taxi,982,1,207
1538,taxi,984,3,210
1539,taxi,985,1,211
1540,taxi,995,1,212
1541,taxi,996,1,213
1542,taxi,1003,1,214
1543,taxi,1010,1,215
1544,taxi,1043,1,216
1545,taxi,1048,1,217
1546,taxi,1049,1,218
1547,taxi,1064,1,219
1548,taxi,1065,1,220
1549,taxi,1066,1,221
1550,taxi,1067,1,222
1551,taxi,1069,1,223
1552,taxi,1072,1,224
1553,taxi,1077,1,225
1554,taxi,1079,3,228
1555,taxi,1098,3,231
1556,taxi,1101,1,232
1557,taxi,1104,1,233
1558,taxi,1109,1,234
1559,taxi,1112,1,235
1560,taxi,1129,1,236
1561,taxi,1142,1,237
1562,taxi,1150,3,240
1563,taxi,1160,1,241
1564,taxi,1165,1,242
1565,taxi,1174,1,243
1566,taxi,1176,1,244
1567,taxi,1189,1,245
1568,taxi,1191,1,246
1569,taxi,1207,3,249
1570,taxi,1209,1,250
1571,taxi,1210,1,251
1572,taxi,1212,1,252
1573,taxi,1219,1,253
1574,taxi,1220,1,254
1575,taxi,1225,1,255
1576,taxi,1232,1,256
1577,taxi,1233,1,257
1578,taxi,1245,1,258
1579,taxi,1254,1,259
1580,taxi,1261,1,260
1581,taxi,1274,3,263
1582,taxi,1275,1,264
1583,taxi,1278,1,265
1584,taxi,1279,2,267
1585,taxi,1283,1,268
1586,taxi,1284,1,269
1587,taxi,1292,1,270
1588,taxi,1294,1,271
1589,taxi,1297,1,272
1590,taxi,1301,1,273
1591,taxi,1303,1,274
1592,taxi,1304,1,275
1593,taxi,1307,1,276
1594,taxi,1322,1,277
1595,taxi,1326,1,278
1596,taxi,1327,1,279
1597,taxi,1332,1,280
1598,taxi,1341,2,282
1599,taxi,1343,3,285
1600,taxi,1351,1,286
1601,taxi,1352,1,287
1602,taxi,1353,3,290
1603,taxi,1358,3,293
1604,taxi,1366,1,294
1605,taxi,1380,1,295
1606,taxi,1423,1,296
1607,taxi,1424,1,297
1608,taxi,1426,1,298
1609,taxi,1435,1,299
1610,taxi,1458,1,300
1611,taxi,1460,1,301
1612,taxi,1465,2,303
1613,taxi,1466,1,304
1614,taxi,1467,3,307
1615,taxi,1468,2,309
1616,taxi,1469,1,310
1617,taxi,1479,1,311
1618,taxi,1492,1,312
1619,taxi,1493,2,314
1620,taxi,1498,1,315
1621,taxi,1501,2,317
1622,taxi,1508,1,318
1623,taxi,1513,1,319
1624,taxi,1540,1,320
1625,taxi,1541,1,321
1626,taxi,1542,1,322
1627,taxi,1547,1,323
1628,taxi,1548,1,324
1629,taxi,1578,1,325
1630,taxi,1579,1,326
1631,taxi,1584,2,328
1632,taxi,1588,1,329
1633,taxi,1600,1,330
1634,taxi,1602,1,331
1635,taxi,1603,1,332
1636,taxi,1604,1,333
1637,taxi,1607,1,334
1638,taxi,1608,1,335
1639,taxi,1613,1,336
1640,taxi,1614,2,338
1641,taxi,1616,3,341
1642,taxi,1620,1,342
1643,taxi,1628,1,343
1644,taxi,1636,1,344
1645,taxi,1648,1,345
1646,taxi,1657,1,346
1647,taxi,1668,1,347
1648,taxi,1699,2,349
1649,taxi,1700,1,350
1650,taxi,1702,3,353
1651,taxi,1703,2,355
1652,taxi,1704,4,359
1653,taxi,1705,2,361
1654,taxi,1706,1,362
1655,taxi,1708,1,363
1656,taxi,1711,1,364
1657,taxi,1713,1,365
1658,taxi,1716,5,370
1659,taxi,1717,1,371
1660,taxi,1722,1,372
1661,taxi,1723,1,373
1662,taxi,1729,1,374
1663,taxi,1731,4,378
1664,taxi,1732,1,379
1665,taxi,1734,1,380
1666,taxi,1736,3,383
1667,taxi,1742,1,384
1668,taxi,1745,1,385
1669,taxi,1747,1,386
1670,taxi,1749,1,387
1671,taxi,1769,1,388
1672,taxi,1777,1,389
1673,taxi,1779,1,390
1674,taxi,1784,1,391
1675,taxi,1793,1,392
1676,taxi,1796,1,393
1677,taxi,1801,2,395
1678,taxi,1805,1,396
1679,taxi,1820,1,397
1680,taxi,1821,1,398
1681,taxi,1824,2,400
1682,taxi,1825,2,402
1683,taxi,1826,1,403
1684,taxi,1830,1,404
1685,taxi,1839,1,405
1686,taxi,1840,1,406
